D.O. 2 ;18 - TPO2;D.O. 3 ;D.O. 4 ;D.O. 5 ;D.O. 6 ;D.O. 7 ;D.O. 8 ;19 - TPVA;D.O. 9 ;37 - Densidade ÃÂ³tica;D.O. 10 ;32 - Retirada de aluminio;D.O. 11 ;74 - AdesÃÂ£o ao metal, 160ÃÂ°C;66 - Densidade ÃÂ³tica (X-RITE);75 - AdesÃÂ£o ao metal, 100ÃÂ°C;Situação;Dt ProduÃ§Ã£o;Hora Final;Pinholes P;Pinholes M;Pinholes G;ArranhÃÂ£o ;Desvio PadrÃÂ£o D.O. ;Media D.O.;D.O. 1 ;ID;DateTime;B2;B3;B4;B5;B6;B7;B8;B9;B10;B11;B12;B13;B14;B15;B16;B17;B18;B19;B20;B21;B22;B23;B24;B25;B26;B27;B28;B29;B30;B31;DepositEndTime;Time;DepositStartTime;TotalTime;WarmupTime;CoatingTime;FilmInSpec;ChillDown;PumpdownTime;VentingTime;CycleStartTime;FilmProcessed;FilmMetallised;MechOpenTime;Length;Boatlife;FirstProbe;LastProbe;Weight;WebThickness;WebWidth;TargetNumber;UpperLimit;LowerLimit;WebSpeed;WireSpeed;UnwSetTension;RewSetTension;Source ID;Selected (2);Bobina ;Campanha;Hora Inicio;Maquina;Origem;Selected;Selected.1;Fingerprint;RollID;Shift;Operator;Customer;BarCode;Selected (1);Selected (3)
;;;;;;;;;;;;;;;;;Aprovado;03/01/2020 00:00;22/05/2020 09:14;;;;;;;;;03/01/2020 07:56;;;;;;;;;;;;;;;;;;;;;;;;;;;;;;;03/01/2020 07:48;22/05/2020 07:48;03/01/2020 06:06;;;;;;;;;;;;;;;;;;;;;;;;;;;;;;;;;;;;;;;;;;
;;;;;;;;;;;;;;;;;Aprovado;03/01/2020 00:00;22/05/2020 09:14;;;;;;;;;03/01/2020 10:11;;;;;;;;;;;;;;;;;;;;;;;;;;;;;;;03/01/2020 10:04;22/05/2020 10:04;03/01/2020 08:57;;;;;;;;;;;;;;;;;;;;;;;;;;;;;;;;;;;;;;;;;;
;;;;;;;;;;;;;;;;;Aprovado;04/01/2020 00:00;22/05/2020 15:54;;;;;;;;;04/01/2020 15:15;;;;;;;;;;;;;;;;;;;;;;;;;;;;;;;04/01/2020 15:07;22/05/2020 15:07;04/01/2020 13:23;;;;;;;;;;;;;;;;;;;;;;;;;;;;;;;;;;;;;;;;;;
;;;;;;;;;;;;;;;;;Aprovado;04/01/2020 00:00;22/05/2020 22:44;;;;;;;;;04/01/2020 21:28;;;;;;;;;;;;;;;;;;;;;;;;;;;;;;;04/01/2020 21:20;22/05/2020 21:20;04/01/2020 19:35;;;;;;;;;;;;;;;;;;;;;;;;;;;;;;;;;;;;;;;;;;
;;;;;;;;;;;;;;;;;Aprovado;04/01/2020 00:00;22/05/2020 01:21;;;;;;;;;04/01/2020 02:29;;;;;;;;;;;;;;;;;;;;;;;;;;;;;;;04/01/2020 02:21;22/05/2020 02:21;04/01/2020 00:14;;;;;;;;;;;;;;;;;;;;;;;;;;;;;;;;;;;;;;;;;;
;;;;;;;;;;;;;;;;;Aprovado;04/01/2020 00:00;22/05/2020 04:24;;;;;;;;;04/01/2020 05:47;;;;;;;;;;;;;;;;;;;;;;;;;;;;;;;04/01/2020 05:38;22/05/2020 05:38;04/01/2020 03:27;;;;;;;;;;;;;;;;;;;;;;;;;;;;;;;;;;;;;;;;;;
;;;;;;;;;;;;;;;;;Reprovado;05/01/2020 00:00;22/05/2020 07:13;;;;;;;;;05/01/2020 06:04;;;;;;;;;;;;;;;;;;;;;;;;;;;;;;;05/01/2020 05:54;22/05/2020 05:54;05/01/2020 04:54;;;;;;;;;;;;;;;;;;;;;;;;;;;;;;;;;;;;;;;;;;
;;;;;;;;;;;;;;;;;Reprovado;05/01/2020 00:00;22/05/2020 10:05;;;;;;;;;05/01/2020 09:05;;;;;;;;;;;;;;;;;;;;;;;;;;;;;;;05/01/2020 08:57;22/05/2020 08:57;05/01/2020 07:48;;;;;;;;;;;;;;;;;;;;;;;;;;;;;;;;;;;;;;;;;;
;;;;;;;;;;;;;;;;;Aprovado;05/01/2020 00:00;22/05/2020 16:30;;;;;;;;;05/01/2020 15:38;;;;;;;;;;;;;;;;;;;;;;;;;;;;;;;05/01/2020 15:30;22/05/2020 15:30;05/01/2020 14:23;;;;;;;;;;;;;;;;;;;;;;;;;;;;;;;;;;;;;;;;;;
;;;;;;;;;;;;;;;;;Aprovado;05/01/2020 00:00;22/05/2020 16:30;;;;;;;;;05/01/2020 17:49;;;;;;;;;;;;;;;;;;;;;;;;;;;;;;;05/01/2020 17:41;22/05/2020 17:41;05/01/2020 16:35;;;;;;;;;;;;;;;;;;;;;;;;;;;;;;;;;;;;;;;;;;
;;;;;;;;;;;;;;;;;Aprovado;05/01/2020 00:00;22/05/2020 19:02;;;;;;;;;05/01/2020 17:49;;;;;;;;;;;;;;;;;;;;;;;;;;;;;;;05/01/2020 17:41;22/05/2020 17:41;05/01/2020 16:35;;;;;;;;;;;;;;;;;;;;;;;;;;;;;;;;;;;;;;;;;;
;;;;;;;;;;;;;;;;;Aprovado;05/01/2020 00:00;22/05/2020 19:02;;;;;;;;;05/01/2020 20:18;;;;;;;;;;;;;;;;;;;;;;;;;;;;;;;05/01/2020 20:09;22/05/2020 20:09;05/01/2020 18:55;;;;;;;;;;;;;;;;;;;;;;;;;;;;;;;;;;;;;;;;;;
;;;;;;;;;;;;;;;;;Aprovado;03/02/2020 00:00;22/05/2020 09:35;;;;;;;;;03/02/2020 09:44;;;;;;;;;;;;;;;;;;;;;;;;;;;;;;;03/02/2020 09:32;22/05/2020 09:32;03/02/2020 08:01;;;;;;;;;;;;;;;;;;;;;;;;;;;;;;;;;;;;;;;;;;
;;;;;;;;;;;;;;;;;Reprovado;03/02/2020 00:00;22/05/2020 12:13;;;;;;;;;03/02/2020 13:16;;;;;;;;;;;;;;;;;;;;;;;;;;;;;;;03/02/2020 13:05;22/05/2020 13:05;03/02/2020 11:19;;;;;;;;;;;;;;;;;;;;;;;;;;;;;;;;;;;;;;;;;;
;;;;;;;;;;;;;;;;;Aprovado;03/02/2020 00:00;22/05/2020 15:33;;;;;;;;;03/02/2020 16:06;;;;;;;;;;;;;;;;;;;;;;;;;;;;;;;03/02/2020 15:55;22/05/2020 15:55;03/02/2020 14:10;;;;;;;;;;;;;;;;;;;;;;;;;;;;;;;;;;;;;;;;;;
;;;;;;;;;;;;;;;;;Aprovado;03/02/2020 00:00;22/05/2020 20:55;;;;;;;;;03/02/2020 22:11;;;;;;;;;;;;;;;;;;;;;;;;;;;;;;;03/02/2020 22:00;22/05/2020 22:00;03/02/2020 20:15;;;;;;;;;;;;;;;;;;;;;;;;;;;;;;;;;;;;;;;;;;
;;;;;;;;;;;;;;;;;Reprovado;03/02/2020 00:00;22/05/2020 02:54;;;;;;;;;03/02/2020 02:57;;;;;;;;;;;;;;;;;;;;;;;;;;;;;;;03/02/2020 02:48;22/05/2020 02:48;03/02/2020 01:33;;;;;;;;;;;;;;;;;;;;;;;;;;;;;;;;;;;;;;;;;;
;;;;;;;;;;;;;;;;;Aprovado;03/02/2020 00:00;22/05/2020 05:46;;;;;;;;;03/02/2020 06:07;;;;;;;;;;;;;;;;;;;;;;;;;;;;;;;03/02/2020 05:59;22/05/2020 05:59;03/02/2020 04:46;;;;;;;;;;;;;;;;;;;;;;;;;;;;;;;;;;;;;;;;;;
;;;;;;;;;;;;;;;;;Aprovado;04/02/2020 00:00;22/05/2020 21:38;;;;;;;;;04/02/2020 21:18;;;;;;;;;;;;;;;;;;;;;;;;;;;;;;;04/02/2020 21:09;22/05/2020 21:09;04/02/2020 19:25;;;;;;;;;;;;;;;;;;;;;;;;;;;;;;;;;;;;;;;;;;
;;;;;;;;;;;;;;;;;Reprovado;04/02/2020 00:00;22/05/2020 00:15;;;;;;;;;04/02/2020 00:22;;;;;;;;;;;;;;;;;;;;;;;;;;;;;;;04/02/2020 00:14;22/05/2020 00:14;04/01/2020 22:30;;;;;;;;;;;;;;;;;;;;;;;;;;;;;;;;;;;;;;;;;;
;;;;;;;;;;;;;;;;;Reprovado;04/02/2020 00:00;22/05/2020 02:55;;;;;;;;;04/02/2020 04:11;;;;;;;;;;;;;;;;;;;;;;;;;;;;;;;04/02/2020 04:03;22/05/2020 04:03;04/02/2020 02:19;;;;;;;;;;;;;;;;;;;;;;;;;;;;;;;;;;;;;;;;;;
;;;;;;;;;;;;;;;;;Reprovado;05/02/2020 00:00;22/05/2020 08:29;;;;;;;;;05/02/2020 07:31;;;;;;;;;;;;;;;;;;;;;;;;;;;;;;;05/02/2020 07:23;22/05/2020 07:23;05/02/2020 06:07;;;;;;;;;;;;;;;;;;;;;;;;;;;;;;;;;;;;;;;;;;
;;;;;;;;;;;;;;;;;Reprovado;05/02/2020 00:00;22/05/2020 13:12;;;;;;;;;05/02/2020 14:39;;;;;;;;;;;;;;;;;;;;;;;;;;;;;;;05/02/2020 14:30;22/05/2020 14:30;05/02/2020 12:46;;;;;;;;;;;;;;;;;;;;;;;;;;;;;;;;;;;;;;;;;;
;;;;;;;;;;;;;;;;;Aprovado;05/02/2020 00:00;22/05/2020 22:15;;;;;;;;;05/02/2020 22:45;;;;;;;;;;;;;;;;;;;;;;;;;;;;;;;05/02/2020 22:37;22/05/2020 22:37;05/02/2020 20:47;;;;;;;;;;;;;;;;;;;;;;;;;;;;;;;;;;;;;;;;;;
;;;;;;;;;;;;;;;;;Reprovado;05/02/2020 00:00;22/05/2020 01:42;;;;;;;;;05/02/2020 02:37;;;;;;;;;;;;;;;;;;;;;;;;;;;;;;;05/02/2020 02:29;22/05/2020 02:29;05/02/2020 00:45;;;;;;;;;;;;;;;;;;;;;;;;;;;;;;;;;;;;;;;;;;
;;;;;;;;;;;;;;;;;Aprovado;05/02/2020 00:00;22/05/2020 04:29;;;;;;;;;05/02/2020 05:07;;;;;;;;;;;;;;;;;;;;;;;;;;;;;;;05/02/2020 04:59;22/05/2020 04:59;05/02/2020 03:42;;;;;;;;;;;;;;;;;;;;;;;;;;;;;;;;;;;;;;;;;;
;;;;;;;;;;;;;;;;;Reprovado;13/02/2020 00:00;22/05/2020 07:12;;;;;;;;;13/02/2020 07:21;;;;;;;;;;;;;;;;;;;;;;;;;;;;;;;13/02/2020 07:11;22/05/2020 07:11;13/02/2020 05:28;;;;;;;;;;;;;;;;;;;;;;;;;;;;;;;;;;;;;;;;;;
;;;;;;;;;;;;;;;;;Aprovado;13/02/2020 00:00;22/05/2020 10:20;;;;;;;;;13/02/2020 10:28;;;;;;;;;;;;;;;;;;;;;;;;;;;;;;;13/02/2020 10:20;22/05/2020 10:20;13/02/2020 08:46;;;;;;;;;;;;;;;;;;;;;;;;;;;;;;;;;;;;;;;;;;
;;;;;;;;;;;;;;;;;Aprovado;13/02/2020 00:00;22/05/2020 12:55;;;;;;;;;13/02/2020 13:04;;;;;;;;;;;;;;;;;;;;;;;;;;;;;;;13/02/2020 12:54;22/05/2020 12:54;13/02/2020 11:08;;;;;;;;;;;;;;;;;;;;;;;;;;;;;;;;;;;;;;;;;;
;;;;;;;;;;;;;;;;;Aprovado;13/02/2020 00:00;22/05/2020 15:52;;;;;;;;;13/02/2020 16:04;;;;;;;;;;;;;;;;;;;;;;;;;;;;;;;13/02/2020 15:52;22/05/2020 15:52;13/02/2020 13:56;;;;;;;;;;;;;;;;;;;;;;;;;;;;;;;;;;;;;;;;;;
;;;;;;;;;;;;;;;;;Aprovado;13/02/2020 00:00;22/05/2020 19:20;;;;;;;;;13/02/2020 19:31;;;;;;;;;;;;;;;;;;;;;;;;;;;;;;;13/02/2020 19:19;22/05/2020 19:19;13/02/2020 17:22;;;;;;;;;;;;;;;;;;;;;;;;;;;;;;;;;;;;;;;;;;
;;;;;;;;;;;;;;;;;Aprovado;13/02/2020 00:00;22/05/2020 22:04;;;;;;;;;13/02/2020 22:11;;;;;;;;;;;;;;;;;;;;;;;;;;;;;;;13/02/2020 22:03;22/05/2020 22:03;13/02/2020 20:15;;;;;;;;;;;;;;;;;;;;;;;;;;;;;;;;;;;;;;;;;;
;;;;;;;;;;;;;;;;;Aprovado;13/02/2020 00:00;22/05/2020 05:30;;;;;;;;;13/02/2020 04:23;;;;;;;;;;;;;;;;;;;;;;;;;;;;;;;13/02/2020 04:15;22/05/2020 04:15;13/02/2020 02:24;;;;;;;;;;;;;;;;;;;;;;;;;;;;;;;;;;;;;;;;;;
;;;;;;;;;;;;;;;;;Aprovado;13/02/2020 00:00;22/05/2020 05:30;;;;;;;;;13/02/2020 05:12;;;;;;;;;;;;;;;;;;;;;;;;;;;;;;;13/02/2020 05:00;22/05/2020 05:00;13/02/2020 04:57;;;;;;;;;;;;;;;;;;;;;;;;;;;;;;;;;;;;;;;;;;
;;;;;;;;;;;;;;;;;Aprovado;14/02/2020 00:00;22/05/2020 19:38;;;;;;;;;14/02/2020 19:52;;;;;;;;;;;;;;;;;;;;;;;;;;;;;;;14/02/2020 19:37;22/05/2020 19:37;14/02/2020 18:06;;;;;;;;;;;;;;;;;;;;;;;;;;;;;;;;;;;;;;;;;;
;;;;;;;;;;;;;;;;;Aprovado;15/02/2020 00:00;22/05/2020 07:48;;;;;;;;;15/02/2020 07:57;;;;;;;;;;;;;;;;;;;;;;;;;;;;;;;15/02/2020 07:48;22/05/2020 07:48;15/02/2020 05:52;;;;;;;;;;;;;;;;;;;;;;;;;;;;;;;;;;;;;;;;;;
;;;;;;;;;;;;;;;;;Aprovado;15/02/2020 00:00;22/05/2020 10:50;;;;;;;;;15/02/2020 10:57;;;;;;;;;;;;;;;;;;;;;;;;;;;;;;;15/02/2020 10:49;22/05/2020 10:49;15/02/2020 08:55;;;;;;;;;;;;;;;;;;;;;;;;;;;;;;;;;;;;;;;;;;
;;;;;;;;;;;;;;;;;Aprovado;15/02/2020 00:00;22/05/2020 12:41;;;;;;;;;15/02/2020 12:57;;;;;;;;;;;;;;;;;;;;;;;;;;;;;;;15/02/2020 12:46;22/05/2020 12:46;15/02/2020 11:42;;;;;;;;;;;;;;;;;;;;;;;;;;;;;;;;;;;;;;;;;;
;;;;;;;;;;;;;;;;;Aprovado;15/02/2020 00:00;22/05/2020 17:48;;;;;;;;;15/02/2020 18:00;;;;;;;;;;;;;;;;;;;;;;;;;;;;;;;15/02/2020 17:50;22/05/2020 17:50;15/02/2020 16:49;;;;;;;;;;;;;;;;;;;;;;;;;;;;;;;;;;;;;;;;;;
;;;;;;;;;;;;;;;;;Aprovado;16/02/2020 00:00;22/05/2020 10:48;;;;;;;;;16/02/2020 10:56;;;;;;;;;;;;;;;;;;;;;;;;;;;;;;;16/02/2020 10:48;22/05/2020 10:48;16/02/2020 09:26;;;;;;;;;;;;;;;;;;;;;;;;;;;;;;;;;;;;;;;;;;
;;;;;;;;;;;;;;;;;Aprovado;16/02/2020 00:00;22/05/2020 15:38;;;;;;;;;16/02/2020 15:50;;;;;;;;;;;;;;;;;;;;;;;;;;;;;;;16/02/2020 15:40;22/05/2020 15:40;16/02/2020 14:40;;;;;;;;;;;;;;;;;;;;;;;;;;;;;;;;;;;;;;;;;;
;;;;;;;;;;;;;;;;;Aprovado;16/02/2020 00:00;22/05/2020 18:32;;;;;;;;;16/02/2020 18:43;;;;;;;;;;;;;;;;;;;;;;;;;;;;;;;16/02/2020 18:32;22/05/2020 18:32;16/02/2020 16:44;;;;;;;;;;;;;;;;;;;;;;;;;;;;;;;;;;;;;;;;;;
;;;;;;;;;;;;;;;;;Aprovado;16/02/2020 00:00;22/05/2020 21:10;;;;;;;;;16/02/2020 21:18;;;;;;;;;;;;;;;;;;;;;;;;;;;;;;;16/02/2020 21:09;22/05/2020 21:09;16/02/2020 19:25;;;;;;;;;;;;;;;;;;;;;;;;;;;;;;;;;;;;;;;;;;
;;;;;;;;;;;;;;;;;Aprovado;17/02/2020 00:00;22/05/2020 09:08;;;;;;;;;17/02/2020 09:15;;;;;;;;;;;;;;;;;;;;;;;;;;;;;;;17/02/2020 09:06;22/05/2020 09:06;17/02/2020 07:33;;;;;;;;;;;;;;;;;;;;;;;;;;;;;;;;;;;;;;;;;;
;;;;;;;;;;;;;;;;;Aprovado;17/02/2020 00:00;22/05/2020 11:45;;;;;;;;;17/02/2020 11:55;;;;;;;;;;;;;;;;;;;;;;;;;;;;;;;17/02/2020 11:45;22/05/2020 11:45;17/02/2020 09:57;;;;;;;;;;;;;;;;;;;;;;;;;;;;;;;;;;;;;;;;;;
;;;;;;;;;;;;;;;;;Aprovado;17/02/2020 00:00;22/05/2020 14:48;;;;;;;;;17/02/2020 14:32;;;;;;;;;;;;;;;;;;;;;;;;;;;;;;;17/02/2020 14:19;22/05/2020 14:19;17/02/2020 12:31;;;;;;;;;;;;;;;;;;;;;;;;;;;;;;;;;;;;;;;;;;
;;;;;;;;;;;;;;;;;Aprovado;17/02/2020 00:00;22/05/2020 17:43;;;;;;;;;17/02/2020 18:01;;;;;;;;;;;;;;;;;;;;;;;;;;;;;;;17/02/2020 17:40;22/05/2020 17:40;17/02/2020 15:39;;;;;;;;;;;;;;;;;;;;;;;;;;;;;;;;;;;;;;;;;;
;;;;;;;;;;;;;;;;;Aprovado;17/02/2020 00:00;22/05/2020 20:42;;;;;;;;;17/02/2020 20:51;;;;;;;;;;;;;;;;;;;;;;;;;;;;;;;17/02/2020 20:43;22/05/2020 20:43;17/02/2020 18:56;;;;;;;;;;;;;;;;;;;;;;;;;;;;;;;;;;;;;;;;;;
;;;;;;;;;;;;;;;;;Aprovado;17/02/2020 00:00;22/05/2020 02:35;;;;;;;;;17/02/2020 03:06;;;;;;;;;;;;;;;;;;;;;;;;;;;;;;;17/02/2020 02:55;22/05/2020 02:55;17/02/2020 01:11;;;;;;;;;;;;;;;;;;;;;;;;;;;;;;;;;;;;;;;;;;
;;;;;;;;;;;;;;;;;Aprovado;17/02/2020 00:00;22/05/2020 05:38;;;;;;;;;17/02/2020 05:57;;;;;;;;;;;;;;;;;;;;;;;;;;;;;;;17/02/2020 05:49;22/05/2020 05:49;17/02/2020 04:02;;;;;;;;;;;;;;;;;;;;;;;;;;;;;;;;;;;;;;;;;;
;;;;;;;;;;;;;;;;;Aprovado;18/02/2020 00:00;22/05/2020 08:58;;;;;;;;;18/02/2020 09:10;;;;;;;;;;;;;;;;;;;;;;;;;;;;;;;18/02/2020 08:55;22/05/2020 08:55;18/02/2020 06:54;;;;;;;;;;;;;;;;;;;;;;;;;;;;;;;;;;;;;;;;;;
;;;;;;;;;;;;;;;;;Aprovado;18/02/2020 00:00;22/05/2020 13:14;;;;;;;;;18/02/2020 13:26;;;;;;;;;;;;;;;;;;;;;;;;;;;;;;;18/02/2020 13:13;22/05/2020 13:13;18/02/2020 11:42;;;;;;;;;;;;;;;;;;;;;;;;;;;;;;;;;;;;;;;;;;
;;;;;;;;;;;;;;;;;Aprovado;18/02/2020 00:00;22/05/2020 16:05;;;;;;;;;18/02/2020 16:17;;;;;;;;;;;;;;;;;;;;;;;;;;;;;;;18/02/2020 16:05;22/05/2020 16:05;18/02/2020 14:08;;;;;;;;;;;;;;;;;;;;;;;;;;;;;;;;;;;;;;;;;;
;;;;;;;;;;;;;;;;;Aprovado;18/02/2020 00:00;22/05/2020 18:50;;;;;;;;;18/02/2020 19:02;;;;;;;;;;;;;;;;;;;;;;;;;;;;;;;18/02/2020 18:50;22/05/2020 18:50;18/02/2020 16:52;;;;;;;;;;;;;;;;;;;;;;;;;;;;;;;;;;;;;;;;;;
;;;;;;;;;;;;;;;;;Reprovado;18/02/2020 00:00;22/05/2020 21:48;;;;;;;;;18/02/2020 21:57;;;;;;;;;;;;;;;;;;;;;;;;;;;;;;;18/02/2020 21:49;22/05/2020 21:49;18/02/2020 19:58;;;;;;;;;;;;;;;;;;;;;;;;;;;;;;;;;;;;;;;;;;
;;;;;;;;;;;;;;;;;Reprovado;19/02/2020 00:00;22/05/2020 07:08;;;;;;;;;19/02/2020 07:17;;;;;;;;;;;;;;;;;;;;;;;;;;;;;;;19/02/2020 07:08;22/05/2020 07:08;19/02/2020 06:24;;;;;;;;;;;;;;;;;;;;;;;;;;;;;;;;;;;;;;;;;;
;;;;;;;;;;;;;;;;;Reprovado;19/02/2020 00:00;22/05/2020 09:43;;;;;;;;;19/02/2020 09:53;;;;;;;;;;;;;;;;;;;;;;;;;;;;;;;19/02/2020 09:42;22/05/2020 09:42;19/02/2020 07:58;;;;;;;;;;;;;;;;;;;;;;;;;;;;;;;;;;;;;;;;;;
;;;;;;;;;;;;;;;;;Aprovado;19/02/2020 00:00;22/05/2020 12:25;;;;;;;;;19/02/2020 12:34;;;;;;;;;;;;;;;;;;;;;;;;;;;;;;;19/02/2020 12:24;22/05/2020 12:24;19/02/2020 10:40;;;;;;;;;;;;;;;;;;;;;;;;;;;;;;;;;;;;;;;;;;
;;;;;;;;;;;;;;;;;Aprovado;19/02/2020 00:00;22/05/2020 15:54;;;;;;;;;19/02/2020 16:02;;;;;;;;;;;;;;;;;;;;;;;;;;;;;;;19/02/2020 15:54;22/05/2020 15:54;19/02/2020 14:23;;;;;;;;;;;;;;;;;;;;;;;;;;;;;;;;;;;;;;;;;;
;;;;;;;;;;;;;;;;;Reprovado;19/02/2020 00:00;22/05/2020 18:42;;;;;;;;;19/02/2020 18:49;;;;;;;;;;;;;;;;;;;;;;;;;;;;;;;19/02/2020 18:41;22/05/2020 18:41;19/02/2020 16:56;;;;;;;;;;;;;;;;;;;;;;;;;;;;;;;;;;;;;;;;;;
;;;;;;;;;;;;;;;;;Reprovado;19/02/2020 00:00;22/05/2020 21:13;;;;;;;;;19/02/2020 21:20;;;;;;;;;;;;;;;;;;;;;;;;;;;;;;;19/02/2020 21:12;22/05/2020 21:12;19/02/2020 19:28;;;;;;;;;;;;;;;;;;;;;;;;;;;;;;;;;;;;;;;;;;
;;;;;;;;;;;;;;;;;Aprovado;20/02/2020 00:00;22/05/2020 08:42;;;;;;;;;20/02/2020 08:50;;;;;;;;;;;;;;;;;;;;;;;;;;;;;;;20/02/2020 08:42;22/05/2020 08:42;20/02/2020 06:58;;;;;;;;;;;;;;;;;;;;;;;;;;;;;;;;;;;;;;;;;;
;;;;;;;;;;;;;;;;;Aprovado;20/02/2020 00:00;22/05/2020 11:50;;;;;;;;;20/02/2020 11:56;;;;;;;;;;;;;;;;;;;;;;;;;;;;;;;20/02/2020 11:49;22/05/2020 11:49;20/02/2020 10:17;;;;;;;;;;;;;;;;;;;;;;;;;;;;;;;;;;;;;;;;;;
;;;;;;;;;;;;;;;;;Aprovado;20/02/2020 00:00;22/05/2020 14:43;;;;;;;;;20/02/2020 14:51;;;;;;;;;;;;;;;;;;;;;;;;;;;;;;;20/02/2020 14:43;22/05/2020 14:43;20/02/2020 12:59;;;;;;;;;;;;;;;;;;;;;;;;;;;;;;;;;;;;;;;;;;
;;;;;;;;;;;;;;;;;Aprovado;20/02/2020 00:00;22/05/2020 17:35;;;;;;;;;20/02/2020 17:46;;;;;;;;;;;;;;;;;;;;;;;;;;;;;;;20/02/2020 17:34;22/05/2020 17:34;20/02/2020 15:47;;;;;;;;;;;;;;;;;;;;;;;;;;;;;;;;;;;;;;;;;;
;;;;;;;;;;;;;;;;;Aprovado;21/02/2020 00:00;22/05/2020 09:32;;;;;;;;;21/02/2020 09:43;;;;;;;;;;;;;;;;;;;;;;;;;;;;;;;21/02/2020 09:31;22/05/2020 09:31;21/02/2020 08:00;;;;;;;;;;;;;;;;;;;;;;;;;;;;;;;;;;;;;;;;;;
;;;;;;;;;;;;;;;;;Reprovado;21/02/2020 00:00;22/05/2020 12:30;;;;;;;;;21/02/2020 12:40;;;;;;;;;;;;;;;;;;;;;;;;;;;;;;;21/02/2020 12:30;22/05/2020 12:30;21/02/2020 10:46;;;;;;;;;;;;;;;;;;;;;;;;;;;;;;;;;;;;;;;;;;
;;;;;;;;;;;;;;;;;Aprovado;21/02/2020 00:00;22/05/2020 15:10;;;;;;;;;21/02/2020 15:19;;;;;;;;;;;;;;;;;;;;;;;;;;;;;;;21/02/2020 15:07;22/05/2020 15:07;21/02/2020 13:23;;;;;;;;;;;;;;;;;;;;;;;;;;;;;;;;;;;;;;;;;;
;;;;;;;;;;;;;;;;;Aprovado;21/02/2020 00:00;22/05/2020 05:45;;;;;;;;;21/02/2020 05:51;;;;;;;;;;;;;;;;;;;;;;;;;;;;;;;21/02/2020 05:40;22/05/2020 05:40;21/02/2020 03:50;;;;;;;;;;;;;;;;;;;;;;;;;;;;;;;;;;;;;;;;;;
;;;;;;;;;;;;;;;;;Aprovado;22/02/2020 00:00;22/05/2020 08:50;;;;;;;;;22/02/2020 08:59;;;;;;;;;;;;;;;;;;;;;;;;;;;;;;;22/02/2020 08:51;22/05/2020 08:51;22/02/2020 07:02;;;;;;;;;;;;;;;;;;;;;;;;;;;;;;;;;;;;;;;;;;
;;;;;;;;;;;;;;;;;Aprovado;22/02/2020 00:00;22/05/2020 03:58;;;;;;;;;22/02/2020 03:09;;;;;;;;;;;;;;;;;;;;;;;;;;;;;;;22/02/2020 03:00;22/05/2020 03:00;22/02/2020 01:22;;;;;;;;;;;;;;;;;;;;;;;;;;;;;;;;;;;;;;;;;;
;;;;;;;;;;;;;;;;;Aprovado;23/02/2020 00:00;22/05/2020 09:38;;;;;;;;;23/02/2020 09:46;;;;;;;;;;;;;;;;;;;;;;;;;;;;;;;23/02/2020 09:37;22/05/2020 09:37;23/02/2020 07:55;;;;;;;;;;;;;;;;;;;;;;;;;;;;;;;;;;;;;;;;;;
;;;;;;;;;;;;;;;;;Aprovado;23/02/2020 00:00;22/05/2020 17:38;;;;;;;;;23/02/2020 17:43;;;;;;;;;;;;;;;;;;;;;;;;;;;;;;;23/02/2020 17:41;22/05/2020 17:41;23/02/2020 15:40;;;;;;;;;;;;;;;;;;;;;;;;;;;;;;;;;;;;;;;;;;
;;;;;;;;;;;;;;;;;Aprovado;23/02/2020 00:00;22/05/2020 23:57;;;;;;;;;24/02/2020 00:05;;;;;;;;;;;;;;;;;;;;;;;;;;;;;;;23/02/2020 23:57;22/05/2020 23:57;23/02/2020 22:21;;;;;;;;;;;;;;;;;;;;;;;;;;;;;;;;;;;;;;;;;;
;;;;;;;;;;;;;;;;;Aprovado;24/02/2020 00:00;22/05/2020 08:00;;;;;;;;;24/02/2020 08:10;;;;;;;;;;;;;;;;;;;;;;;;;;;;;;;24/02/2020 08:01;22/05/2020 08:01;24/02/2020 06:55;;;;;;;;;;;;;;;;;;;;;;;;;;;;;;;;;;;;;;;;;;
;;;;;;;;;;;;;;;;;Aprovado;24/02/2020 00:00;22/05/2020 16:30;;;;;;;;;24/02/2020 16:41;;;;;;;;;;;;;;;;;;;;;;;;;;;;;;;24/02/2020 16:28;22/05/2020 16:28;24/02/2020 15:12;;;;;;;;;;;;;;;;;;;;;;;;;;;;;;;;;;;;;;;;;;
;;;;;;;;;;;;;;;;;Aprovado;25/02/2020 00:00;22/05/2020 08:18;;;;;;;;;25/02/2020 09:24;;;;;;;;;;;;;;;;;;;;;;;;;;;;;;;25/02/2020 09:16;22/05/2020 09:16;25/02/2020 07:44;;;;;;;;;;;;;;;;;;;;;;;;;;;;;;;;;;;;;;;;;;
;;;;;;;;;;;;;;;;;Aprovado;26/02/2020 00:00;22/05/2020 17:53;;;;;;;;;26/02/2020 18:05;;;;;;;;;;;;;;;;;;;;;;;;;;;;;;;26/02/2020 17:53;22/05/2020 17:53;26/02/2020 16:18;;;;;;;;;;;;;;;;;;;;;;;;;;;;;;;;;;;;;;;;;;
;;;;;;;;;;;;;;;;;Aprovado;26/02/2020 00:00;22/05/2020 21:40;;;;;;;;;26/02/2020 21:48;;;;;;;;;;;;;;;;;;;;;;;;;;;;;;;26/02/2020 21:41;22/05/2020 21:41;26/02/2020 19:49;;;;;;;;;;;;;;;;;;;;;;;;;;;;;;;;;;;;;;;;;;
;;;;;;;;;;;;;;;;;Aprovado;26/02/2020 00:00;22/05/2020 21:40;;;;;;;;;26/02/2020 23:16;;;;;;;;;;;;;;;;;;;;;;;;;;;;;;;26/02/2020 23:07;22/05/2020 23:07;26/02/2020 22:42;;;;;;;;;;;;;;;;;;;;;;;;;;;;;;;;;;;;;;;;;;
;;;;;;;;;;;;;;;;;Aprovado;26/02/2020 00:00;22/05/2020 23:59;;;;;;;;;26/02/2020 23:16;;;;;;;;;;;;;;;;;;;;;;;;;;;;;;;26/02/2020 23:07;22/05/2020 23:07;26/02/2020 22:42;;;;;;;;;;;;;;;;;;;;;;;;;;;;;;;;;;;;;;;;;;
;;;;;;;;;;;;;;;;;Aprovado;27/02/2020 00:00;22/05/2020 09:18;;;;;;;;;27/02/2020 09:29;;;;;;;;;;;;;;;;;;;;;;;;;;;;;;;27/02/2020 09:20;22/05/2020 09:20;27/02/2020 07:36;;;;;;;;;;;;;;;;;;;;;;;;;;;;;;;;;;;;;;;;;;
;;;;;;;;;;;;;;;;;Aprovado;27/02/2020 00:00;22/05/2020 16:48;;;;;;;;;27/02/2020 17:00;;;;;;;;;;;;;;;;;;;;;;;;;;;;;;;27/02/2020 16:48;22/05/2020 16:48;27/02/2020 15:17;;;;;;;;;;;;;;;;;;;;;;;;;;;;;;;;;;;;;;;;;;
;;;;;;;;;;;;;;;;;Aprovado;28/02/2020 00:00;22/05/2020 07:24;;;;;;;;;28/02/2020 07:34;;;;;;;;;;;;;;;;;;;;;;;;;;;;;;;28/02/2020 07:24;22/05/2020 07:24;28/02/2020 05:40;;;;;;;;;;;;;;;;;;;;;;;;;;;;;;;;;;;;;;;;;;
;;;;;;;;;;;;;;;;;Aprovado;28/02/2020 00:00;22/05/2020 23:23;;;;;;;;;28/02/2020 23:32;;;;;;;;;;;;;;;;;;;;;;;;;;;;;;;28/02/2020 23:22;22/05/2020 23:22;28/02/2020 21:49;;;;;;;;;;;;;;;;;;;;;;;;;;;;;;;;;;;;;;;;;;
;;;;;;;;;;;;;;;;;Aprovado;28/02/2020 00:00;22/05/2020 02:43;;;;;;;;;28/02/2020 02:14;;;;;;;;;;;;;;;;;;;;;;;;;;;;;;;28/02/2020 02:06;22/05/2020 02:06;28/02/2020 00:16;;;;;;;;;;;;;;;;;;;;;;;;;;;;;;;;;;;;;;;;;;
;;;;;;;;;;;;;;;;;Aprovado;28/02/2020 00:00;22/05/2020 05:33;;;;;;;;;28/02/2020 04:54;;;;;;;;;;;;;;;;;;;;;;;;;;;;;;;28/02/2020 04:45;22/05/2020 04:45;28/02/2020 02:55;;;;;;;;;;;;;;;;;;;;;;;;;;;;;;;;;;;;;;;;;;
;;;;;;;;;;;;;;;;;Aprovado;29/02/2020 00:00;22/05/2020 08:30;;;;;;;;;29/02/2020 08:37;;;;;;;;;;;;;;;;;;;;;;;;;;;;;;;29/02/2020 08:29;22/05/2020 08:29;29/02/2020 06:45;;;;;;;;;;;;;;;;;;;;;;;;;;;;;;;;;;;;;;;;;;
;;;;;;;;;;;;;;;;;Aprovado;29/02/2020 00:00;22/05/2020 11:42;;;;;;;;;29/02/2020 11:52;;;;;;;;;;;;;;;;;;;;;;;;;;;;;;;29/02/2020 11:42;22/05/2020 11:42;29/02/2020 09:58;;;;;;;;;;;;;;;;;;;;;;;;;;;;;;;;;;;;;;;;;;
;;;;;;;;;;;;;;;;;Aprovado;29/02/2020 00:00;22/05/2020 03:55;;;;;;;;;29/02/2020 02:51;;;;;;;;;;;;;;;;;;;;;;;;;;;;;;;29/02/2020 02:41;22/05/2020 02:41;29/02/2020 00:50;;;;;;;;;;;;;;;;;;;;;;;;;;;;;;;;;;;;;;;;;;
;;;;;;;;;;;;;;;;;Aprovado;04/03/2020 00:00;22/05/2020 09:33;;;;;;;;;04/03/2020 10:09;;;;;;;;;;;;;;;;;;;;;;;;;;;;;;;04/03/2020 09:58;22/05/2020 09:58;04/03/2020 08:26;;;;;;;;;;;;;;;;;;;;;;;;;;;;;;;;;;;;;;;;;;
;;;;;;;;;;;;;;;;;Aprovado;04/03/2020 00:00;22/05/2020 11:50;;;;;;;;;04/03/2020 12:59;;;;;;;;;;;;;;;;;;;;;;;;;;;;;;;04/03/2020 12:50;22/05/2020 12:50;04/03/2020 11:06;;;;;;;;;;;;;;;;;;;;;;;;;;;;;;;;;;;;;;;;;;
;;;;;;;;;;;;;;;;;Aprovado;04/03/2020 00:00;22/05/2020 15:26;;;;;;;;;04/03/2020 14:10;;;;;;;;;;;;;;;;;;;;;;;;;;;;;;;04/03/2020 13:58;22/05/2020 13:58;04/03/2020 13:57;;;;;;;;;;;;;;;;;;;;;;;;;;;;;;;;;;;;;;;;;;
;;;;;;;;;;;;;;;;;Aprovado;04/03/2020 00:00;22/05/2020 18:23;;;;;;;;;04/03/2020 18:38;;;;;;;;;;;;;;;;;;;;;;;;;;;;;;;04/03/2020 18:29;22/05/2020 18:29;04/03/2020 16:45;;;;;;;;;;;;;;;;;;;;;;;;;;;;;;;;;;;;;;;;;;
;;;;;;;;;;;;;;;;;Aprovado;05/03/2020 00:00;22/05/2020 12:41;;;;;;;;;05/03/2020 13:28;;;;;;;;;;;;;;;;;;;;;;;;;;;;;;;05/03/2020 13:16;22/05/2020 13:16;05/03/2020 11:30;;;;;;;;;;;;;;;;;;;;;;;;;;;;;;;;;;;;;;;;;;
;;;;;;;;;;;;;;;;;Aprovado;05/03/2020 00:00;22/05/2020 22:02;;;;;;;;;05/03/2020 22:10;;;;;;;;;;;;;;;;;;;;;;;;;;;;;;;05/03/2020 22:00;22/05/2020 22:00;05/03/2020 20:16;;;;;;;;;;;;;;;;;;;;;;;;;;;;;;;;;;;;;;;;;;
;;;;;;;;;;;;;;;;;Aprovado;05/03/2020 00:00;22/05/2020 05:54;;;;;;;;;05/03/2020 04:41;;;;;;;;;;;;;;;;;;;;;;;;;;;;;;;05/03/2020 04:34;22/05/2020 04:34;05/03/2020 02:48;;;;;;;;;;;;;;;;;;;;;;;;;;;;;;;;;;;;;;;;;;
;;;;;;;;;;;;;;;;;Aprovado;05/03/2020 00:00;22/05/2020 05:54;;;;;;;;;05/03/2020 07:18;;;;;;;;;;;;;;;;;;;;;;;;;;;;;;;05/03/2020 07:06;22/05/2020 07:06;05/03/2020 05:19;;;;;;;;;;;;;;;;;;;;;;;;;;;;;;;;;;;;;;;;;;
;;;;;;;;;;;;;;;;;Aprovado;13/03/2020 00:00;22/05/2020 09:37;;;;;;;;;13/03/2020 09:50;;;;;;;;;;;;;;;;;;;;;;;;;;;;;;;13/03/2020 09:37;22/05/2020 09:37;13/03/2020 08:06;;;;;;;;;;;;;;;;;;;;;;;;;;;;;;;;;;;;;;;;;;
;;;;;;;;;;;;;;;;;Aprovado;13/03/2020 00:00;22/05/2020 12:22;;;;;;;;;13/03/2020 12:30;;;;;;;;;;;;;;;;;;;;;;;;;;;;;;;13/03/2020 12:22;22/05/2020 12:22;13/03/2020 10:35;;;;;;;;;;;;;;;;;;;;;;;;;;;;;;;;;;;;;;;;;;
;;;;;;;;;;;;;;;;;Aprovado;13/03/2020 00:00;22/05/2020 15:05;;;;;;;;;13/03/2020 15:06;;;;;;;;;;;;;;;;;;;;;;;;;;;;;;;13/03/2020 14:56;22/05/2020 14:56;13/03/2020 13:09;;;;;;;;;;;;;;;;;;;;;;;;;;;;;;;;;;;;;;;;;;
;;;;;;;;;;;;;;;;;Aprovado;13/03/2020 00:00;22/05/2020 20:56;;;;;;;;;13/03/2020 21:06;;;;;;;;;;;;;;;;;;;;;;;;;;;;;;;13/03/2020 20:52;22/05/2020 20:52;13/03/2020 19:02;;;;;;;;;;;;;;;;;;;;;;;;;;;;;;;;;;;;;;;;;;
;;;;;;;;;;;;;;;;;Aprovado;13/03/2020 00:00;22/05/2020 00:55;;;;;;;;;13/03/2020 00:59;;;;;;;;;;;;;;;;;;;;;;;;;;;;;;;13/03/2020 00:51;22/05/2020 00:51;03/12/2020 23:00;;;;;;;;;;;;;;;;;;;;;;;;;;;;;;;;;;;;;;;;;;
;;;;;;;;;;;;;;;;;Aprovado;14/03/2020 00:00;22/05/2020 08:35;;;;;;;;;14/03/2020 08:43;;;;;;;;;;;;;;;;;;;;;;;;;;;;;;;14/03/2020 08:34;22/05/2020 08:34;14/03/2020 07:27;;;;;;;;;;;;;;;;;;;;;;;;;;;;;;;;;;;;;;;;;;
;;;;;;;;;;;;;;;;;Aprovado;15/03/2020 00:00;22/05/2020 08:58;;;;;;;;;15/03/2020 09:12;;;;;;;;;;;;;;;;;;;;;;;;;;;;;;;15/03/2020 08:58;22/05/2020 08:58;15/03/2020 07:02;;;;;;;;;;;;;;;;;;;;;;;;;;;;;;;;;;;;;;;;;;
;;;;;;;;;;;;;;;;;Aprovado;15/03/2020 00:00;22/05/2020 00:48;;;;;;;;;15/03/2020 01:49;;;;;;;;;;;;;;;;;;;;;;;;;;;;;;;15/03/2020 01:40;22/05/2020 01:40;14/03/2020 23:56;;;;;;;;;;;;;;;;;;;;;;;;;;;;;;;;;;;;;;;;;;
;;;;;;;;;;;;;;;;;Aprovado;16/03/2020 00:00;22/05/2020 09:55;;;;;;;;;16/03/2020 10:09;;;;;;;;;;;;;;;;;;;;;;;;;;;;;;;16/03/2020 09:55;22/05/2020 09:55;16/03/2020 07:59;;;;;;;;;;;;;;;;;;;;;;;;;;;;;;;;;;;;;;;;;;
;;;;;;;;;;;;;;;;;Aprovado;16/03/2020 00:00;22/05/2020 01:25;;;;;;;;;16/03/2020 00:56;;;;;;;;;;;;;;;;;;;;;;;;;;;;;;;16/03/2020 00:48;22/05/2020 00:48;15/03/2020 22:43;;;;;;;;;;;;;;;;;;;;;;;;;;;;;;;;;;;;;;;;;;
;;;;;;;;;;;;;;;;;Reprovado;17/03/2020 00:00;22/05/2020 11:46;;;;;;;;;17/03/2020 11:59;;;;;;;;;;;;;;;;;;;;;;;;;;;;;;;17/03/2020 11:46;22/05/2020 11:46;17/03/2020 10:06;;;;;;;;;;;;;;;;;;;;;;;;;;;;;;;;;;;;;;;;;;
;;;;;;;;;;;;;;;;;Aprovado;17/03/2020 00:00;22/05/2020 15:50;;;;;;;;;17/03/2020 16:04;;;;;;;;;;;;;;;;;;;;;;;;;;;;;;;17/03/2020 15:52;22/05/2020 15:52;17/03/2020 15:35;;;;;;;;;;;;;;;;;;;;;;;;;;;;;;;;;;;;;;;;;;
;;;;;;;;;;;;;;;;;Aprovado;17/03/2020 00:00;22/05/2020 20:38;;;;;;;;;17/03/2020 20:52;;;;;;;;;;;;;;;;;;;;;;;;;;;;;;;17/03/2020 20:38;22/05/2020 20:38;17/03/2020 18:56;;;;;;;;;;;;;;;;;;;;;;;;;;;;;;;;;;;;;;;;;;
;;;;;;;;;;;;;;;;;Aprovado;18/03/2020 00:00;22/05/2020 02:54;;;;;;;;;18/03/2020 03:16;;;;;;;;;;;;;;;;;;;;;;;;;;;;;;;18/03/2020 02:53;22/05/2020 02:53;18/03/2020 00:56;;;;;;;;;;;;;;;;;;;;;;;;;;;;;;;;;;;;;;;;;;
;;;;;;;;;;;;;;;;;Aprovado;18/03/2020 00:00;22/05/2020 05:51;;;;;;;;;18/03/2020 06:18;;;;;;;;;;;;;;;;;;;;;;;;;;;;;;;18/03/2020 05:51;22/05/2020 05:51;18/03/2020 04:06;;;;;;;;;;;;;;;;;;;;;;;;;;;;;;;;;;;;;;;;;;
;;;;;;;;;;;;;;;;;Aprovado;18/03/2020 00:00;22/05/2020 17:36;;;;;;;;;18/03/2020 17:47;;;;;;;;;;;;;;;;;;;;;;;;;;;;;;;18/03/2020 17:29;22/05/2020 17:29;18/03/2020 15:51;;;;;;;;;;;;;;;;;;;;;;;;;;;;;;;;;;;;;;;;;;
;;;;;;;;;;;;;;;;;Aprovado;18/03/2020 00:00;22/05/2020 21:18;;;;;;;;;18/03/2020 21:35;;;;;;;;;;;;;;;;;;;;;;;;;;;;;;;18/03/2020 21:18;22/05/2020 21:18;18/03/2020 19:23;;;;;;;;;;;;;;;;;;;;;;;;;;;;;;;;;;;;;;;;;;
;;;;;;;;;;;;;;;;;Aprovado;18/03/2020 00:00;22/05/2020 23:58;;;;;;;;;19/03/2020 00:06;;;;;;;;;;;;;;;;;;;;;;;;;;;;;;;18/03/2020 23:58;22/05/2020 23:58;18/03/2020 22:14;;;;;;;;;;;;;;;;;;;;;;;;;;;;;;;;;;;;;;;;;;
;;;;;;;;;;;;;;;;;Aprovado;19/03/2020 00:00;22/05/2020 08:50;;;;;;;;;19/03/2020 08:58;;;;;;;;;;;;;;;;;;;;;;;;;;;;;;;19/03/2020 08:49;22/05/2020 08:49;19/03/2020 07:07;;;;;;;;;;;;;;;;;;;;;;;;;;;;;;;;;;;;;;;;;;
;;;;;;;;;;;;;;;;;Aprovado;20/03/2020 00:00;22/05/2020 06:35;;;;;;;;;20/03/2020 06:42;;;;;;;;;;;;;;;;;;;;;;;;;;;;;;;20/03/2020 06:34;22/05/2020 06:34;20/03/2020 04:30;;;;;;;;;;;;;;;;;;;;;;;;;;;;;;;;;;;;;;;;;;
;;;;;;;;;;;;;;;;;Aprovado;20/03/2020 00:00;22/05/2020 12:22;;;;;;;;;20/03/2020 12:29;;;;;;;;;;;;;;;;;;;;;;;;;;;;;;;20/03/2020 12:21;22/05/2020 12:21;20/03/2020 10:34;;;;;;;;;;;;;;;;;;;;;;;;;;;;;;;;;;;;;;;;;;
;;;;;;;;;;;;;;;;;Aprovado;20/03/2020 00:00;22/05/2020 15:03;;;;;;;;;20/03/2020 15:13;;;;;;;;;;;;;;;;;;;;;;;;;;;;;;;20/03/2020 15:03;22/05/2020 15:03;20/03/2020 13:16;;;;;;;;;;;;;;;;;;;;;;;;;;;;;;;;;;;;;;;;;;
;;;;;;;;;;;;;;;;;Aprovado;20/03/2020 00:00;22/05/2020 21:30;;;;;;;;;20/03/2020 21:40;;;;;;;;;;;;;;;;;;;;;;;;;;;;;;;20/03/2020 21:29;22/05/2020 21:29;20/03/2020 19:54;;;;;;;;;;;;;;;;;;;;;;;;;;;;;;;;;;;;;;;;;;
;;;;;;;;;;;;;;;;;Aprovado;20/03/2020 00:00;22/05/2020 21:30;;;;;;;;;20/03/2020 22:51;;;;;;;;;;;;;;;;;;;;;;;;;;;;;;;20/03/2020 22:42;22/05/2020 22:42;20/03/2020 22:38;;;;;;;;;;;;;;;;;;;;;;;;;;;;;;;;;;;;;;;;;;
;;;;;;;;;;;;;;;;;Aprovado;20/03/2020 00:00;22/05/2020 23:50;;;;;;;;;20/03/2020 22:51;;;;;;;;;;;;;;;;;;;;;;;;;;;;;;;20/03/2020 22:42;22/05/2020 22:42;20/03/2020 22:38;;;;;;;;;;;;;;;;;;;;;;;;;;;;;;;;;;;;;;;;;;
;;;;;;;;;;;;;;;;;Aprovado;21/03/2020 00:00;22/05/2020 09:17;;;;;;;;;21/03/2020 09:24;;;;;;;;;;;;;;;;;;;;;;;;;;;;;;;21/03/2020 09:16;22/05/2020 09:16;21/03/2020 07:29;;;;;;;;;;;;;;;;;;;;;;;;;;;;;;;;;;;;;;;;;;
;;;;;;;;;;;;;;;;;Aprovado;21/03/2020 00:00;22/05/2020 11:45;;;;;;;;;21/03/2020 11:54;;;;;;;;;;;;;;;;;;;;;;;;;;;;;;;21/03/2020 11:45;22/05/2020 11:45;21/03/2020 09:59;;;;;;;;;;;;;;;;;;;;;;;;;;;;;;;;;;;;;;;;;;
;;;;;;;;;;;;;;;;;Aprovado;21/03/2020 00:00;22/05/2020 14:54;;;;;;;;;21/03/2020 14:40;;;;;;;;;;;;;;;;;;;;;;;;;;;;;;;21/03/2020 14:30;22/05/2020 14:30;21/03/2020 12:42;;;;;;;;;;;;;;;;;;;;;;;;;;;;;;;;;;;;;;;;;;
;;;;;;;;;;;;;;;;;Aprovado;21/03/2020 00:00;22/05/2020 17:44;;;;;;;;;21/03/2020 17:57;;;;;;;;;;;;;;;;;;;;;;;;;;;;;;;21/03/2020 17:38;22/05/2020 17:38;21/03/2020 15:48;;;;;;;;;;;;;;;;;;;;;;;;;;;;;;;;;;;;;;;;;;
;;;;;;;;;;;;;;;;;Aprovado;21/03/2020 00:00;22/05/2020 21:04;;;;;;;;;21/03/2020 21:14;;;;;;;;;;;;;;;;;;;;;;;;;;;;;;;21/03/2020 21:04;22/05/2020 21:04;21/03/2020 19:30;;;;;;;;;;;;;;;;;;;;;;;;;;;;;;;;;;;;;;;;;;
;;;;;;;;;;;;;;;;;Reprovado;21/03/2020 00:00;22/05/2020 23:38;;;;;;;;;21/03/2020 23:50;;;;;;;;;;;;;;;;;;;;;;;;;;;;;;;21/03/2020 23:39;22/05/2020 23:39;21/03/2020 21:48;;;;;;;;;;;;;;;;;;;;;;;;;;;;;;;;;;;;;;;;;;
;;;;;;;;;;;;;;;;;Aprovado;21/03/2020 00:00;22/05/2020 02:30;;;;;;;;;21/03/2020 01:31;;;;;;;;;;;;;;;;;;;;;;;;;;;;;;;21/03/2020 01:17;22/05/2020 01:17;20/03/2020 23:34;;;;;;;;;;;;;;;;;;;;;;;;;;;;;;;;;;;;;;;;;;
;;;;;;;;;;;;;;;;;Aprovado;22/03/2020 00:00;22/05/2020 08:39;;;;;;;;;22/03/2020 08:49;;;;;;;;;;;;;;;;;;;;;;;;;;;;;;;22/03/2020 08:39;22/05/2020 08:39;22/03/2020 06:55;;;;;;;;;;;;;;;;;;;;;;;;;;;;;;;;;;;;;;;;;;
;;;;;;;;;;;;;;;;;Aprovado;22/03/2020 00:00;22/05/2020 12:05;;;;;;;;;22/03/2020 12:15;;;;;;;;;;;;;;;;;;;;;;;;;;;;;;;22/03/2020 12:05;22/05/2020 12:05;22/03/2020 10:21;;;;;;;;;;;;;;;;;;;;;;;;;;;;;;;;;;;;;;;;;;
;;;;;;;;;;;;;;;;;Aprovado;22/03/2020 00:00;22/05/2020 21:06;;;;;;;;;22/03/2020 21:15;;;;;;;;;;;;;;;;;;;;;;;;;;;;;;;22/03/2020 21:07;22/05/2020 21:07;22/03/2020 19:05;;;;;;;;;;;;;;;;;;;;;;;;;;;;;;;;;;;;;;;;;;
;;;;;;;;;;;;;;;;;Aprovado;23/03/2020 00:00;22/05/2020 10:42;;;;;;;;;23/03/2020 10:52;;;;;;;;;;;;;;;;;;;;;;;;;;;;;;;23/03/2020 10:42;22/05/2020 10:42;23/03/2020 10:24;;;;;;;;;;;;;;;;;;;;;;;;;;;;;;;;;;;;;;;;;;
;;;;;;;;;;;;;;;;;Reprovado;23/03/2020 00:00;22/05/2020 12:24;;;;;;;;;23/03/2020 12:36;;;;;;;;;;;;;;;;;;;;;;;;;;;;;;;23/03/2020 12:24;22/05/2020 12:24;23/03/2020 12:08;;;;;;;;;;;;;;;;;;;;;;;;;;;;;;;;;;;;;;;;;;
;;;;;;;;;;;;;;;;;Aprovado;23/03/2020 00:00;22/05/2020 09:00;;;;;;;;;23/03/2020 09:14;;;;;;;;;;;;;;;;;;;;;;;;;;;;;;;23/03/2020 09:00;22/05/2020 09:00;23/03/2020 07:16;;;;;;;;;;;;;;;;;;;;;;;;;;;;;;;;;;;;;;;;;;
;;;;;;;;;;;;;;;;;Reprovado;23/03/2020 00:00;22/05/2020 18:40;;;;;;;;;23/03/2020 18:46;;;;;;;;;;;;;;;;;;;;;;;;;;;;;;;23/03/2020 18:35;22/05/2020 18:35;23/03/2020 16:50;;;;;;;;;;;;;;;;;;;;;;;;;;;;;;;;;;;;;;;;;;
;;;;;;;;;;;;;;;;;Reprovado;24/03/2020 00:00;22/05/2020 07:28;;;;;;;;;24/03/2020 07:41;;;;;;;;;;;;;;;;;;;;;;;;;;;;;;;24/03/2020 07:28;22/05/2020 07:28;24/03/2020 05:51;;;;;;;;;;;;;;;;;;;;;;;;;;;;;;;;;;;;;;;;;;
;;;;;;;;;;;;;;;;;Aprovado;24/03/2020 00:00;22/05/2020 10:18;;;;;;;;;24/03/2020 10:33;;;;;;;;;;;;;;;;;;;;;;;;;;;;;;;24/03/2020 10:18;22/05/2020 10:18;24/03/2020 08:31;;;;;;;;;;;;;;;;;;;;;;;;;;;;;;;;;;;;;;;;;;
;;;;;;;;;;;;;;;;;Aprovado;24/03/2020 00:00;22/05/2020 13:56;;;;;;;;;24/03/2020 14:06;;;;;;;;;;;;;;;;;;;;;;;;;;;;;;;24/03/2020 13:55;22/05/2020 13:55;24/03/2020 12:23;;;;;;;;;;;;;;;;;;;;;;;;;;;;;;;;;;;;;;;;;;
;;;;;;;;;;;;;;;;;Aprovado;24/03/2020 00:00;22/05/2020 16:30;;;;;;;;;24/03/2020 16:39;;;;;;;;;;;;;;;;;;;;;;;;;;;;;;;24/03/2020 16:29;22/05/2020 16:29;24/03/2020 14:52;;;;;;;;;;;;;;;;;;;;;;;;;;;;;;;;;;;;;;;;;;
;;;;;;;;;;;;;;;;;Aprovado;24/03/2020 00:00;22/05/2020 19:00;;;;;;;;;24/03/2020 19:13;;;;;;;;;;;;;;;;;;;;;;;;;;;;;;;24/03/2020 19:02;22/05/2020 19:02;24/03/2020 17:16;;;;;;;;;;;;;;;;;;;;;;;;;;;;;;;;;;;;;;;;;;
;;;;;;;;;;;;;;;;;Aprovado;25/03/2020 00:00;22/05/2020 13:27;;;;;;;;;25/03/2020 13:35;;;;;;;;;;;;;;;;;;;;;;;;;;;;;;;25/03/2020 13:27;22/05/2020 13:27;25/03/2020 11:44;;;;;;;;;;;;;;;;;;;;;;;;;;;;;;;;;;;;;;;;;;
;;;;;;;;;;;;;;;;;Aprovado;25/03/2020 00:00;22/05/2020 19:25;;;;;;;;;25/03/2020 19:36;;;;;;;;;;;;;;;;;;;;;;;;;;;;;;;25/03/2020 19:24;22/05/2020 19:24;25/03/2020 17:40;;;;;;;;;;;;;;;;;;;;;;;;;;;;;;;;;;;;;;;;;;
;;;;;;;;;;;;;;;;;Aprovado;25/03/2020 00:00;22/05/2020 22:18;;;;;;;;;25/03/2020 22:29;;;;;;;;;;;;;;;;;;;;;;;;;;;;;;;25/03/2020 22:18;22/05/2020 22:18;25/03/2020 20:34;;;;;;;;;;;;;;;;;;;;;;;;;;;;;;;;;;;;;;;;;;
;;;;;;;;;;;;;;;;;Aprovado;25/03/2020 00:00;22/05/2020 23:05;;;;;;;;;25/03/2020 22:29;;;;;;;;;;;;;;;;;;;;;;;;;;;;;;;25/03/2020 22:18;22/05/2020 22:18;25/03/2020 20:34;;;;;;;;;;;;;;;;;;;;;;;;;;;;;;;;;;;;;;;;;;
;;;;;;;;;;;;;;;;;Aprovado;25/03/2020 00:00;22/05/2020 01:46;;;;;;;;;25/03/2020 00:49;;;;;;;;;;;;;;;;;;;;;;;;;;;;;;;25/03/2020 00:41;22/05/2020 00:41;24/03/2020 22:56;;;;;;;;;;;;;;;;;;;;;;;;;;;;;;;;;;;;;;;;;;
;;;;;;;;;;;;;;;;;Reprovado;26/03/2020 00:00;22/05/2020 07:20;;;;;;;;;26/03/2020 07:28;;;;;;;;;;;;;;;;;;;;;;;;;;;;;;;26/03/2020 07:19;22/05/2020 07:19;26/03/2020 05:34;;;;;;;;;;;;;;;;;;;;;;;;;;;;;;;;;;;;;;;;;;
;;;;;;;;;;;;;;;;;Aprovado;26/03/2020 00:00;22/05/2020 17:38;;;;;;;;;26/03/2020 17:46;;;;;;;;;;;;;;;;;;;;;;;;;;;;;;;26/03/2020 17:28;22/05/2020 17:28;26/03/2020 15:38;;;;;;;;;;;;;;;;;;;;;;;;;;;;;;;;;;;;;;;;;;
;;;;;;;;;;;;;;;;;Aprovado;26/03/2020 00:00;22/05/2020 21:32;;;;;;;;;26/03/2020 21:43;;;;;;;;;;;;;;;;;;;;;;;;;;;;;;;26/03/2020 21:31;22/05/2020 21:31;26/03/2020 20:38;;;;;;;;;;;;;;;;;;;;;;;;;;;;;;;;;;;;;;;;;;
;;;;;;;;;;;;;;;;;Aprovado;26/03/2020 00:00;22/05/2020 01:03;;;;;;;;;26/03/2020 01:55;;;;;;;;;;;;;;;;;;;;;;;;;;;;;;;26/03/2020 01:46;22/05/2020 01:46;26/03/2020 00:03;;;;;;;;;;;;;;;;;;;;;;;;;;;;;;;;;;;;;;;;;;
;;;;;;;;;;;;;;;;;Aprovado;29/03/2020 00:00;22/05/2020 23:30;;;;;;;;;29/03/2020 23:36;;;;;;;;;;;;;;;;;;;;;;;;;;;;;;;29/03/2020 23:28;22/05/2020 23:28;29/03/2020 22:11;;;;;;;;;;;;;;;;;;;;;;;;;;;;;;;;;;;;;;;;;;
;;;;;;;;;;;;;;;;;Aprovado;31/03/2020 00:00;22/05/2020 09:23;;;;;;;;;31/03/2020 09:31;;;;;;;;;;;;;;;;;;;;;;;;;;;;;;;31/03/2020 09:23;22/05/2020 09:23;31/03/2020 07:37;;;;;;;;;;;;;;;;;;;;;;;;;;;;;;;;;;;;;;;;;;
;;;;;;;;;;;;;;;;;Aprovado;31/03/2020 00:00;22/05/2020 13:49;;;;;;;;;31/03/2020 13:57;;;;;;;;;;;;;;;;;;;;;;;;;;;;;;;31/03/2020 13:49;22/05/2020 13:49;31/03/2020 12:05;;;;;;;;;;;;;;;;;;;;;;;;;;;;;;;;;;;;;;;;;;
;;;;;;;;;;;;;;;;;Reprovado;31/03/2020 00:00;22/05/2020 19:15;;;;;;;;;31/03/2020 19:18;;;;;;;;;;;;;;;;;;;;;;;;;;;;;;;31/03/2020 19:10;22/05/2020 19:10;31/03/2020 17:23;;;;;;;;;;;;;;;;;;;;;;;;;;;;;;;;;;;;;;;;;;
;;;;;;;;;;;;;;;;;Aprovado;?;22/05/2020 15:44;;;;;;;;;10/01/2019 15:58;;;;;;;;;;;;;;;;;;;;;;;;;;;;;;;01/10/2019 00:00;22/05/2020 15:43;10/01/2019 14:12;;;;;;;;;;;;;;;;;;;;;;;;;;;;;;;;;;;;;;;;;;
;;;;;;;;;;;;;;;;;Aprovado;?;22/05/2020 18:33;;;;;;;;;10/01/2019 18:50;;;;;;;;;;;;;;;;;;;;;;;;;;;;;;;01/10/2019 00:00;22/05/2020 18:32;10/01/2019 17:01;;;;;;;;;;;;;;;;;;;;;;;;;;;;;;;;;;;;;;;;;;
;;;;;;;;;;;;;;;;;Aprovado;?;22/05/2020 21:15;;;;;;;;;10/01/2019 21:30;;;;;;;;;;;;;;;;;;;;;;;;;;;;;;;01/10/2019 00:00;22/05/2020 21:15;10/01/2019 19:41;;;;;;;;;;;;;;;;;;;;;;;;;;;;;;;;;;;;;;;;;;
;;;;;;;;;;;;;;;;;Aprovado;?;22/05/2020 00:52;;;;;;;;;10/03/2019 01:10;;;;;;;;;;;;;;;;;;;;;;;;;;;;;;;03/10/2019 00:00;22/05/2020 00:51;10/02/2019 23:20;;;;;;;;;;;;;;;;;;;;;;;;;;;;;;;;;;;;;;;;;;
;;;;;;;;;;;;;;;;;Aprovado;?;22/05/2020 12:53;;;;;;;;;10/04/2019 13:07;;;;;;;;;;;;;;;;;;;;;;;;;;;;;;;04/10/2019 00:00;22/05/2020 12:53;10/04/2019 11:08;;;;;;;;;;;;;;;;;;;;;;;;;;;;;;;;;;;;;;;;;;
;;;;;;;;;;;;;;;;;Aprovado;?;22/05/2020 15:13;;;;;;;;;10/04/2019 15:30;;;;;;;;;;;;;;;;;;;;;;;;;;;;;;;04/10/2019 00:00;22/05/2020 15:12;10/04/2019 14:06;;;;;;;;;;;;;;;;;;;;;;;;;;;;;;;;;;;;;;;;;;
;;;;;;;;;;;;;;;;;Aprovado;?;22/05/2020 09:17;;;;;;;;;10/05/2019 09:32;;;;;;;;;;;;;;;;;;;;;;;;;;;;;;;05/10/2019 00:00;22/05/2020 09:16;10/05/2019 07:32;;;;;;;;;;;;;;;;;;;;;;;;;;;;;;;;;;;;;;;;;;
;;;;;;;;;;;;;;;;;Aprovado;?;22/05/2020 10:52;;;;;;;;;10/06/2019 11:15;;;;;;;;;;;;;;;;;;;;;;;;;;;;;;;06/10/2019 00:00;22/05/2020 10:52;10/06/2019 09:18;;;;;;;;;;;;;;;;;;;;;;;;;;;;;;;;;;;;;;;;;;
;;;;;;;;;;;;;;;;;Aprovado;?;22/05/2020 14:55;;;;;;;;;10/06/2019 15:09;;;;;;;;;;;;;;;;;;;;;;;;;;;;;;;06/10/2019 00:00;22/05/2020 14:55;10/06/2019 13:10;;;;;;;;;;;;;;;;;;;;;;;;;;;;;;;;;;;;;;;;;;
;;;;;;;;;;;;;;;;;Aprovado;?;22/05/2020 08:37;;;;;;;;;10/07/2019 08:45;;;;;;;;;;;;;;;;;;;;;;;;;;;;;;;07/10/2019 00:00;22/05/2020 08:36;10/07/2019 06:52;;;;;;;;;;;;;;;;;;;;;;;;;;;;;;;;;;;;;;;;;;
;;;;;;;;;;;;;;;;;Reprovado;?;22/05/2020 06:40;;;;;;;;;10/08/2019 06:48;;;;;;;;;;;;;;;;;;;;;;;;;;;;;;;08/10/2019 00:00;22/05/2020 06:39;10/08/2019 04:55;;;;;;;;;;;;;;;;;;;;;;;;;;;;;;;;;;;;;;;;;;
;;;;;;;;;;;;;;;;;Aprovado;?;22/05/2020 20:00;;;;;;;;;10/08/2019 20:09;;;;;;;;;;;;;;;;;;;;;;;;;;;;;;;08/10/2019 00:00;22/05/2020 19:59;10/08/2019 18:28;;;;;;;;;;;;;;;;;;;;;;;;;;;;;;;;;;;;;;;;;;
;;;;;;;;;;;;;;;;;Reprovado;?;22/05/2020 23:52;;;;;;;;;10/09/2019 00:00;;;;;;;;;;;;;;;;;;;;;;;;;;;;;;;08/10/2019 00:00;22/05/2020 23:52;10/08/2019 22:16;;;;;;;;;;;;;;;;;;;;;;;;;;;;;;;;;;;;;;;;;;
;;;;;;;;;;;;;;;;;Reprovado;?;22/05/2020 14:05;;;;;;;;;10/09/2019 14:14;;;;;;;;;;;;;;;;;;;;;;;;;;;;;;;09/10/2019 00:00;22/05/2020 14:05;10/09/2019 12:46;;;;;;;;;;;;;;;;;;;;;;;;;;;;;;;;;;;;;;;;;;
;;;;;;;;;;;;;;;;;Aprovado;?;22/05/2020 19:22;;;;;;;;;10/09/2019 19:31;;;;;;;;;;;;;;;;;;;;;;;;;;;;;;;09/10/2019 00:00;22/05/2020 19:22;10/09/2019 17:47;;;;;;;;;;;;;;;;;;;;;;;;;;;;;;;;;;;;;;;;;;
;;;;;;;;;;;;;;;;;Reprovado;?;22/05/2020 22:38;;;;;;;;;10/09/2019 22:46;;;;;;;;;;;;;;;;;;;;;;;;;;;;;;;09/10/2019 00:00;22/05/2020 22:37;10/09/2019 20:52;;;;;;;;;;;;;;;;;;;;;;;;;;;;;;;;;;;;;;;;;;
;;;;;;;;;;;;;;;;;Aprovado;?;22/05/2020 08:00;;;;;;;;;10/10/2019 08:10;;;;;;;;;;;;;;;;;;;;;;;;;;;;;;;10/10/2019 00:00;22/05/2020 08:01;10/10/2019 07:00;;;;;;;;;;;;;;;;;;;;;;;;;;;;;;;;;;;;;;;;;;
;;;;;;;;;;;;;;;;;Aprovado;?;22/05/2020 18:29;;;;;;;;;10/10/2019 18:40;;;;;;;;;;;;;;;;;;;;;;;;;;;;;;;10/10/2019 00:00;22/05/2020 18:29;10/10/2019 16:42;;;;;;;;;;;;;;;;;;;;;;;;;;;;;;;;;;;;;;;;;;
;;;;;;;;;;;;;;;;;Reprovado;?;22/05/2020 21:30;;;;;;;;;10/10/2019 21:42;;;;;;;;;;;;;;;;;;;;;;;;;;;;;;;10/10/2019 00:00;22/05/2020 21:29;10/10/2019 19:44;;;;;;;;;;;;;;;;;;;;;;;;;;;;;;;;;;;;;;;;;;
;;;;;;;;;;;;;;;;;Reprovado;?;22/05/2020 22:14;;;;;;;;;10/11/2019 22:23;;;;;;;;;;;;;;;;;;;;;;;;;;;;;;;11/10/2019 00:00;22/05/2020 22:14;10/11/2019 20:29;;;;;;;;;;;;;;;;;;;;;;;;;;;;;;;;;;;;;;;;;;
;;;;;;;;;;;;;;;;;Aprovado;?;22/05/2020 11:36;;;;;;;;;10/12/2019 11:46;;;;;;;;;;;;;;;;;;;;;;;;;;;;;;;12/10/2019 00:00;22/05/2020 11:36;10/12/2019 10:00;;;;;;;;;;;;;;;;;;;;;;;;;;;;;;;;;;;;;;;;;;
;;;;;;;;;;;;;;;;;Aprovado;?;22/05/2020 16:18;;;;;;;;;10/12/2019 16:27;;;;;;;;;;;;;;;;;;;;;;;;;;;;;;;12/10/2019 00:00;22/05/2020 16:18;10/12/2019 14:33;;;;;;;;;;;;;;;;;;;;;;;;;;;;;;;;;;;;;;;;;;
;;;;;;;;;;;;;;;;;Aprovado;?;22/05/2020 23:45;;;;;;;;;10/12/2019 23:55;;;;;;;;;;;;;;;;;;;;;;;;;;;;;;;12/10/2019 00:00;22/05/2020 23:46;10/12/2019 22:43;;;;;;;;;;;;;;;;;;;;;;;;;;;;;;;;;;;;;;;;;;
;;;;;;;;;;;;;;;;;Aprovado;?;22/05/2020 09:18;;;;;;;;;13/10/2019 09:27;;;;;;;;;;;;;;;;;;;;;;;;;;;;;;;13/10/2019 00:00;22/05/2020 09:18;13/10/2019 07:43;;;;;;;;;;;;;;;;;;;;;;;;;;;;;;;;;;;;;;;;;;
;;;;;;;;;;;;;;;;;Reprovado;?;22/05/2020 11:55;;;;;;;;;13/10/2019 12:04;;;;;;;;;;;;;;;;;;;;;;;;;;;;;;;13/10/2019 00:00;22/05/2020 11:55;13/10/2019 10:10;;;;;;;;;;;;;;;;;;;;;;;;;;;;;;;;;;;;;;;;;;
;;;;;;;;;;;;;;;;;Aprovado;?;22/05/2020 06:49;;;;;;;;;14/10/2019 07:01;;;;;;;;;;;;;;;;;;;;;;;;;;;;;;;14/10/2019 00:00;22/05/2020 06:49;14/10/2019 05:05;;;;;;;;;;;;;;;;;;;;;;;;;;;;;;;;;;;;;;;;;;
;;;;;;;;;;;;;;;;;Aprovado;?;22/05/2020 10:42;;;;;;;;;14/10/2019 10:50;;;;;;;;;;;;;;;;;;;;;;;;;;;;;;;14/10/2019 00:00;22/05/2020 10:41;14/10/2019 09:10;;;;;;;;;;;;;;;;;;;;;;;;;;;;;;;;;;;;;;;;;;
;;;;;;;;;;;;;;;;;Aprovado;?;22/05/2020 13:31;;;;;;;;;14/10/2019 13:40;;;;;;;;;;;;;;;;;;;;;;;;;;;;;;;14/10/2019 00:00;22/05/2020 13:30;14/10/2019 11:46;;;;;;;;;;;;;;;;;;;;;;;;;;;;;;;;;;;;;;;;;;
;;;;;;;;;;;;;;;;;Aprovado;?;22/05/2020 16:17;;;;;;;;;14/10/2019 16:27;;;;;;;;;;;;;;;;;;;;;;;;;;;;;;;14/10/2019 00:00;22/05/2020 16:17;14/10/2019 14:33;;;;;;;;;;;;;;;;;;;;;;;;;;;;;;;;;;;;;;;;;;
;;;;;;;;;;;;;;;;;Aprovado;?;22/05/2020 15:06;;;;;;;;;15/10/2019 15:15;;;;;;;;;;;;;;;;;;;;;;;;;;;;;;;15/10/2019 00:00;22/05/2020 15:06;15/10/2019 13:21;;;;;;;;;;;;;;;;;;;;;;;;;;;;;;;;;;;;;;;;;;
;;;;;;;;;;;;;;;;;Aprovado;?;22/05/2020 17:52;;;;;;;;;15/10/2019 18:14;;;;;;;;;;;;;;;;;;;;;;;;;;;;;;;15/10/2019 00:00;22/05/2020 17:53;15/10/2019 16:37;;;;;;;;;;;;;;;;;;;;;;;;;;;;;;;;;;;;;;;;;;
;;;;;;;;;;;;;;;;;Reprovado;?;22/05/2020 08:40;;;;;;;;;16/10/2019 08:49;;;;;;;;;;;;;;;;;;;;;;;;;;;;;;;16/10/2019 00:00;22/05/2020 08:40;16/10/2019 06:55;;;;;;;;;;;;;;;;;;;;;;;;;;;;;;;;;;;;;;;;;;
;;;;;;;;;;;;;;;;;Reprovado;?;22/05/2020 12:23;;;;;;;;;16/10/2019 12:32;;;;;;;;;;;;;;;;;;;;;;;;;;;;;;;16/10/2019 00:00;22/05/2020 12:23;16/10/2019 10:37;;;;;;;;;;;;;;;;;;;;;;;;;;;;;;;;;;;;;;;;;;
;;;;;;;;;;;;;;;;;Aprovado;?;22/05/2020 15:01;;;;;;;;;16/10/2019 15:09;;;;;;;;;;;;;;;;;;;;;;;;;;;;;;;16/10/2019 00:00;22/05/2020 15:00;16/10/2019 13:16;;;;;;;;;;;;;;;;;;;;;;;;;;;;;;;;;;;;;;;;;;
;;;;;;;;;;;;;;;;;Aprovado;?;22/05/2020 18:03;;;;;;;;;16/10/2019 18:11;;;;;;;;;;;;;;;;;;;;;;;;;;;;;;;16/10/2019 00:00;22/05/2020 18:02;16/10/2019 16:24;;;;;;;;;;;;;;;;;;;;;;;;;;;;;;;;;;;;;;;;;;
;;;;;;;;;;;;;;;;;Aprovado;?;22/05/2020 21:18;;;;;;;;;16/10/2019 21:26;;;;;;;;;;;;;;;;;;;;;;;;;;;;;;;16/10/2019 00:00;22/05/2020 21:17;16/10/2019 20:36;;;;;;;;;;;;;;;;;;;;;;;;;;;;;;;;;;;;;;;;;;
;;;;;;;;;;;;;;;;;Aprovado;?;22/05/2020 08:05;;;;;;;;;17/10/2019 08:16;;;;;;;;;;;;;;;;;;;;;;;;;;;;;;;17/10/2019 00:00;22/05/2020 08:06;17/10/2019 06:11;;;;;;;;;;;;;;;;;;;;;;;;;;;;;;;;;;;;;;;;;;
;;;;;;;;;;;;;;;;;Aprovado;?;22/05/2020 07:55;;;;;;;;;18/10/2019 08:07;;;;;;;;;;;;;;;;;;;;;;;;;;;;;;;18/10/2019 00:00;22/05/2020 07:56;18/10/2019 06:54;;;;;;;;;;;;;;;;;;;;;;;;;;;;;;;;;;;;;;;;;;
